ID,EpisodeNumber,TitleID,EpisodeTitle,EpisodeDetail
1,6,79,エピソードタイトル1,エピソード1の詳細情報です。
2,12,83,エピソードタイトル2,エピソード2の詳細情報です。
3,15,79,エピソードタイトル3,エピソード3の詳細情報です。
4,1,69,エピソードタイトル4,エピソード4の詳細情報です。
5,2,22,エピソードタイトル5,エピソード5の詳細情報です。
6,4,86,エピソードタイトル6,エピソード6の詳細情報です。
7,20,81,エピソードタイトル7,エピソード7の詳細情報です。
8,3,94,エピソードタイトル8,エピソード8の詳細情報です。
9,14,43,エピソードタイトル9,エピソード9の詳細情報です。
10,7,73,エピソードタイトル10,エピソード10の詳細情報です。
11,5,54,エピソードタイトル11,エピソード11の詳細情報です。
12,12,70,エピソードタイトル12,エピソード12の詳細情報です。
13,17,18,エピソードタイトル13,エピソード13の詳細情報です。
14,4,35,エピソードタイトル14,エピソード14の詳細情報です。
15,1,1,エピソードタイトル15,エピソード15の詳細情報です。
16,5,88,エピソードタイトル16,エピソード16の詳細情報です。
17,4,54,エピソードタイトル17,エピソード17の詳細情報です。
18,16,76,エピソードタイトル18,エピソード18の詳細情報です。
19,6,34,エピソードタイトル19,エピソード19の詳細情報です。
20,14,87,エピソードタイトル20,エピソード20の詳細情報です。
21,14,19,エピソードタイトル21,エピソード21の詳細情報です。
22,18,58,エピソードタイトル22,エピソード22の詳細情報です。
23,11,78,エピソードタイトル23,エピソード23の詳細情報です。
24,10,41,エピソードタイトル24,エピソード24の詳細情報です。
25,7,28,エピソードタイトル25,エピソード25の詳細情報です。
26,9,36,エピソードタイトル26,エピソード26の詳細情報です。
27,6,60,エピソードタイトル27,エピソード27の詳細情報です。
28,8,22,エピソードタイトル28,エピソード28の詳細情報です。
29,7,50,エピソードタイトル29,エピソード29の詳細情報です。
30,19,97,エピソードタイトル30,エピソード30の詳細情報です。
31,14,80,エピソードタイトル31,エピソード31の詳細情報です。
32,17,10,エピソードタイトル32,エピソード32の詳細情報です。
33,8,58,エピソードタイトル33,エピソード33の詳細情報です。
34,17,36,エピソードタイトル34,エピソード34の詳細情報です。
35,11,72,エピソードタイトル35,エピソード35の詳細情報です。
36,16,81,エピソードタイトル36,エピソード36の詳細情報です。
37,7,53,エピソードタイトル37,エピソード37の詳細情報です。
38,7,73,エピソードタイトル38,エピソード38の詳細情報です。
39,11,36,エピソードタイトル39,エピソード39の詳細情報です。
40,1,80,エピソードタイトル40,エピソード40の詳細情報です。
41,4,60,エピソードタイトル41,エピソード41の詳細情報です。
42,9,89,エピソードタイトル42,エピソード42の詳細情報です。
43,2,27,エピソードタイトル43,エピソード43の詳細情報です。
44,1,32,エピソードタイトル44,エピソード44の詳細情報です。
45,20,7,エピソードタイトル45,エピソード45の詳細情報です。
46,6,9,エピソードタイトル46,エピソード46の詳細情報です。
47,10,66,エピソードタイトル47,エピソード47の詳細情報です。
48,7,45,エピソードタイトル48,エピソード48の詳細情報です。
49,15,32,エピソードタイトル49,エピソード49の詳細情報です。
50,12,44,エピソードタイトル50,エピソード50の詳細情報です。
51,15,71,エピソードタイトル51,エピソード51の詳細情報です。
52,6,30,エピソードタイトル52,エピソード52の詳細情報です。
53,6,57,エピソードタイトル53,エピソード53の詳細情報です。
54,6,51,エピソードタイトル54,エピソード54の詳細情報です。
55,10,72,エピソードタイトル55,エピソード55の詳細情報です。
56,8,21,エピソードタイトル56,エピソード56の詳細情報です。
57,9,64,エピソードタイトル57,エピソード57の詳細情報です。
58,9,40,エピソードタイトル58,エピソード58の詳細情報です。
59,17,16,エピソードタイトル59,エピソード59の詳細情報です。
60,12,91,エピソードタイトル60,エピソード60の詳細情報です。
61,13,16,エピソードタイトル61,エピソード61の詳細情報です。
62,20,81,エピソードタイトル62,エピソード62の詳細情報です。
63,7,58,エピソードタイトル63,エピソード63の詳細情報です。
64,12,53,エピソードタイトル64,エピソード64の詳細情報です。
65,2,40,エピソードタイトル65,エピソード65の詳細情報です。
66,15,49,エピソードタイトル66,エピソード66の詳細情報です。
67,15,43,エピソードタイトル67,エピソード67の詳細情報です。
68,19,46,エピソードタイトル68,エピソード68の詳細情報です。
69,12,69,エピソードタイトル69,エピソード69の詳細情報です。
70,11,70,エピソードタイトル70,エピソード70の詳細情報です。
71,4,70,エピソードタイトル71,エピソード71の詳細情報です。
72,1,77,エピソードタイトル72,エピソード72の詳細情報です。
73,10,56,エピソードタイトル73,エピソード73の詳細情報です。
74,11,8,エピソードタイトル74,エピソード74の詳細情報です。
75,4,75,エピソードタイトル75,エピソード75の詳細情報です。
76,8,90,エピソードタイトル76,エピソード76の詳細情報です。
77,17,10,エピソードタイトル77,エピソード77の詳細情報です。
78,7,52,エピソードタイトル78,エピソード78の詳細情報です。
79,2,66,エピソードタイトル79,エピソード79の詳細情報です。
80,10,6,エピソードタイトル80,エピソード80の詳細情報です。
81,8,78,エピソードタイトル81,エピソード81の詳細情報です。
82,10,23,エピソードタイトル82,エピソード82の詳細情報です。
83,16,65,エピソードタイトル83,エピソード83の詳細情報です。
84,15,13,エピソードタイトル84,エピソード84の詳細情報です。
85,12,32,エピソードタイトル85,エピソード85の詳細情報です。
86,3,61,エピソードタイトル86,エピソード86の詳細情報です。
87,13,82,エピソードタイトル87,エピソード87の詳細情報です。
88,6,78,エピソードタイトル88,エピソード88の詳細情報です。
89,13,89,エピソードタイトル89,エピソード89の詳細情報です。
90,19,4,エピソードタイトル90,エピソード90の詳細情報です。
91,8,37,エピソードタイトル91,エピソード91の詳細情報です。
92,7,54,エピソードタイトル92,エピソード92の詳細情報です。
93,18,28,エピソードタイトル93,エピソード93の詳細情報です。
94,17,24,エピソードタイトル94,エピソード94の詳細情報です。
95,19,58,エピソードタイトル95,エピソード95の詳細情報です。
96,1,58,エピソードタイトル96,エピソード96の詳細情報です。
97,11,90,エピソードタイトル97,エピソード97の詳細情報です。
98,11,39,エピソードタイトル98,エピソード98の詳細情報です。
99,20,39,エピソードタイトル99,エピソード99の詳細情報です。
100,6,15,エピソードタイトル100,エピソード100の詳細情報です。
